################################################################################
# Testcase libraries.1: Ensure that the INFORMATION_SCHEMA.LIBRARIES
#                   table has the following columns, in the following order:
#
#                   LIBRARY_CATALOG,
#                   LIBRARY_SCHEMA (shows the database, or schema, in which
#                          the library resides),
#                   LIBRARY_NAME (shows the library name),
#                   LIBRARY_DEFINITION (shows as much of the library body as
#                          is possible in the allotted space),
#                   LANGUAGE (currently only JavaScript is supported),
#                   CREATED (shows the timestamp of the time the library was
#                          created),
#                   LAST_ALTERED (shows the timestamp of the time the library
#                          was last altered),
#                   CREATOR (shows the user who created the library).
################################################################################
# ========== libraries.1 ==========
USE INFORMATION_SCHEMA;
SHOW CREATE VIEW INFORMATION_SCHEMA.LIBRARIES;
View	Create View	character_set_client	collation_connection
LIBRARIES	CREATE ALGORITHM=UNDEFINED DEFINER=`mysql.infoschema`@`localhost` SQL SECURITY DEFINER VIEW `LIBRARIES` AS select `cat`.`name` AS `LIBRARY_CATALOG`,`sch`.`name` AS `LIBRARY_SCHEMA`,`rtn`.`name` AS `LIBRARY_NAME`,if(can_access_routine(`sch`.`name`,`rtn`.`name`,`rtn`.`type`,`rtn`.`definer`,true),`rtn`.`definition_utf8`,NULL) AS `LIBRARY_DEFINITION`,`rtn`.`external_language` AS `LANGUAGE`,`rtn`.`created` AS `CREATED`,`rtn`.`last_altered` AS `LAST_ALTERED`,`rtn`.`sql_mode` AS `SQL_MODE`,`rtn`.`definer` AS `CREATOR` from ((`mysql`.`routines` `rtn` join `mysql`.`schemata` `sch` on((`rtn`.`schema_id` = `sch`.`id`))) join `mysql`.`catalogs` `cat` on((`cat`.`id` = `sch`.`catalog_id`))) where ((0 <> can_access_routine(`sch`.`name`,`rtn`.`name`,`rtn`.`type`,`rtn`.`definer`,false)) and (`rtn`.`type` = 'LIBRARY'))	utf8mb3	utf8mb3_general_ci
SELECT * FROM information_schema.columns
WHERE table_schema = 'information_schema'
  AND table_name   = 'LIBRARIES'
ORDER BY ordinal_position;
TABLE_CATALOG	TABLE_SCHEMA	TABLE_NAME	COLUMN_NAME	ORDINAL_POSITION	COLUMN_DEFAULT	IS_NULLABLE	DATA_TYPE	CHARACTER_MAXIMUM_LENGTH	CHARACTER_OCTET_LENGTH	NUMERIC_PRECISION	NUMERIC_SCALE	DATETIME_PRECISION	CHARACTER_SET_NAME	COLLATION_NAME	COLUMN_TYPE	COLUMN_KEY	EXTRA	PRIVILEGES	COLUMN_COMMENT	GENERATION_EXPRESSION	SRS_ID
def	information_schema	LIBRARIES	LIBRARY_CATALOG	1	NULL	NO	varchar	64	192	NULL	NULL	NULL	utf8mb3	utf8mb3_bin	varchar(64)			select			NULL
def	information_schema	LIBRARIES	LIBRARY_SCHEMA	2	NULL	NO	varchar	64	192	NULL	NULL	NULL	utf8mb3	utf8mb3_bin	varchar(64)			select			NULL
def	information_schema	LIBRARIES	LIBRARY_NAME	3	NULL	NO	varchar	64	192	NULL	NULL	NULL	utf8mb3	utf8mb3_general_ci	varchar(64)			select			NULL
def	information_schema	LIBRARIES	LIBRARY_DEFINITION	4	NULL	YES	longtext	4294967295	4294967295	NULL	NULL	NULL	utf8mb3	utf8mb3_bin	longtext			select			NULL
def	information_schema	LIBRARIES	LANGUAGE	5	SQL	NO	varchar	64	192	NULL	NULL	NULL	utf8mb3	utf8mb3_bin	varchar(64)			select			NULL
def	information_schema	LIBRARIES	CREATED	6	NULL	NO	timestamp	NULL	NULL	NULL	NULL	0	NULL	NULL	timestamp			select			NULL
def	information_schema	LIBRARIES	LAST_ALTERED	7	NULL	NO	timestamp	NULL	NULL	NULL	NULL	0	NULL	NULL	timestamp			select			NULL
def	information_schema	LIBRARIES	SQL_MODE	8	NULL	NO	set	520	1560	NULL	NULL	NULL	utf8mb3	utf8mb3_bin	set('REAL_AS_FLOAT','PIPES_AS_CONCAT','ANSI_QUOTES','IGNORE_SPACE','NOT_USED','ONLY_FULL_GROUP_BY','NO_UNSIGNED_SUBTRACTION','NO_DIR_IN_CREATE','NOT_USED_9','NOT_USED_10','NOT_USED_11','NOT_USED_12','NOT_USED_13','NOT_USED_14','NOT_USED_15','NOT_USED_16','NOT_USED_17','NOT_USED_18','ANSI','NO_AUTO_VALUE_ON_ZERO','NO_BACKSLASH_ESCAPES','STRICT_TRANS_TABLES','STRICT_ALL_TABLES','NO_ZERO_IN_DATE','NO_ZERO_DATE','ALLOW_INVALID_DATES','ERROR_FOR_DIVISION_BY_ZERO','TRADITIONAL','NOT_USED_29','HIGH_NOT_PRECEDENCE','NO_ENGINE_SUBSTITUTION','PAD_CHAR_TO_FULL_LENGTH','TIME_TRUNCATE_FRACTIONAL')			select			NULL
def	information_schema	LIBRARIES	CREATOR	9	NULL	NO	varchar	288	864	NULL	NULL	NULL	utf8mb3	utf8mb3_bin	varchar(288)			select			NULL
DESCRIBE INFORMATION_SCHEMA.LIBRARIES;
Field	Type	Null	Key	Default	Extra
LIBRARY_CATALOG	varchar(64)	NO		NULL	
LIBRARY_SCHEMA	varchar(64)	NO		NULL	
LIBRARY_NAME	varchar(64)	NO		NULL	
LIBRARY_DEFINITION	longtext	YES		NULL	
LANGUAGE	varchar(64)	NO		SQL	
CREATED	timestamp	NO		NULL	
LAST_ALTERED	timestamp	NO		NULL	
SQL_MODE	set('REAL_AS_FLOAT','PIPES_AS_CONCAT','ANSI_QUOTES','IGNORE_SPACE','NOT_USED','ONLY_FULL_GROUP_BY','NO_UNSIGNED_SUBTRACTION','NO_DIR_IN_CREATE','NOT_USED_9','NOT_USED_10','NOT_USED_11','NOT_USED_12','NOT_USED_13','NOT_USED_14','NOT_USED_15','NOT_USED_16','NOT_USED_17','NOT_USED_18','ANSI','NO_AUTO_VALUE_ON_ZERO','NO_BACKSLASH_ESCAPES','STRICT_TRANS_TABLES','STRICT_ALL_TABLES','NO_ZERO_IN_DATE','NO_ZERO_DATE','ALLOW_INVALID_DATES','ERROR_FOR_DIVISION_BY_ZERO','TRADITIONAL','NOT_USED_29','HIGH_NOT_PRECEDENCE','NO_ENGINE_SUBSTITUTION','PAD_CHAR_TO_FULL_LENGTH','TIME_TRUNCATE_FRACTIONAL')	NO		NULL	
CREATOR	varchar(288)	NO		NULL	
###############################################################################
# Testcase libraries.2:  Successful library CREATE will populate
#                        I_S.LIBRARIES view but not the I_S.ROUTINES
###############################################################################
# ========== libraries.2 ==========
CREATE DATABASE i_s_libraries_test;
USE i_s_libraries_test;
CREATE LIBRARY test_2 LANGUAGE JAVASCRIPT AS $$
export function f(n) {  return n } $$;
Warnings:
Warning	6001	Language component: Not available.
CREATE FUNCTION test_2_func (s char(20)) RETURNS CHAR(50)
RETURN CONCAT('Hello, ',s,'!');
CREATE PROCEDURE test_2_proc (OUT param1 INT)
BEGIN
SELECT 2+2 as param1;
END;
//
# must show only the library, not the procedure nor the function.
SELECT * FROM INFORMATION_SCHEMA.LIBRARIES
WHERE LIBRARY_SCHEMA = 'i_s_libraries_test';
LIBRARY_CATALOG	LIBRARY_SCHEMA	LIBRARY_NAME	LIBRARY_DEFINITION	LANGUAGE	CREATED	LAST_ALTERED	SQL_MODE	CREATOR
def	i_s_libraries_test	test_2	
export function f(n) {  return n } 	JAVASCRIPT	<created>	<modified>	ONLY_FULL_GROUP_BY,STRICT_TRANS_TABLES,NO_ZERO_IN_DATE,NO_ZERO_DATE,ERROR_FOR_DIVISION_BY_ZERO,NO_ENGINE_SUBSTITUTION	root@localhost
# must show only the procedures and routines, not the library.
SELECT ROUTINE_NAME, ROUTINE_TYPE FROM INFORMATION_SCHEMA.ROUTINES
WHERE ROUTINE_SCHEMA = 'i_s_libraries_test' ORDER BY ROUTINE_TYPE, ROUTINE_NAME;
ROUTINE_NAME	ROUTINE_TYPE
test_2_func	FUNCTION
test_2_proc	PROCEDURE
DROP FUNCTION test_2_func;
DROP PROCEDURE test_2_proc;
# Use duplicate names
CREATE FUNCTION test_2 (s char(20)) RETURNS CHAR(50)
RETURN CONCAT('Hello, ',s,'!');
CREATE PROCEDURE test_2 (OUT param1 INT)
BEGIN
SELECT 2+2 as param1;
END;
//
# must show only the library
SELECT * FROM INFORMATION_SCHEMA.LIBRARIES
WHERE LIBRARY_SCHEMA = 'i_s_libraries_test';
LIBRARY_CATALOG	LIBRARY_SCHEMA	LIBRARY_NAME	LIBRARY_DEFINITION	LANGUAGE	CREATED	LAST_ALTERED	SQL_MODE	CREATOR
def	i_s_libraries_test	test_2	
export function f(n) {  return n } 	JAVASCRIPT	<created>	<modified>	ONLY_FULL_GROUP_BY,STRICT_TRANS_TABLES,NO_ZERO_IN_DATE,NO_ZERO_DATE,ERROR_FOR_DIVISION_BY_ZERO,NO_ENGINE_SUBSTITUTION	root@localhost
# must show only the procedures and routines.
SELECT ROUTINE_NAME, ROUTINE_TYPE FROM INFORMATION_SCHEMA.ROUTINES
WHERE ROUTINE_SCHEMA = 'i_s_libraries_test' ORDER BY ROUTINE_TYPE, ROUTINE_NAME;
ROUTINE_NAME	ROUTINE_TYPE
test_2	FUNCTION
test_2	PROCEDURE
# Remove duplicate names
DROP FUNCTION test_2;
DROP PROCEDURE test_2;
SELECT * FROM INFORMATION_SCHEMA.LIBRARIES
WHERE LIBRARY_SCHEMA = 'i_s_libraries_test';
LIBRARY_CATALOG	LIBRARY_SCHEMA	LIBRARY_NAME	LIBRARY_DEFINITION	LANGUAGE	CREATED	LAST_ALTERED	SQL_MODE	CREATOR
def	i_s_libraries_test	test_2	
export function f(n) {  return n } 	JAVASCRIPT	<created>	<modified>	ONLY_FULL_GROUP_BY,STRICT_TRANS_TABLES,NO_ZERO_IN_DATE,NO_ZERO_DATE,ERROR_FOR_DIVISION_BY_ZERO,NO_ENGINE_SUBSTITUTION	root@localhost
# must be empty.
SELECT ROUTINE_NAME, ROUTINE_TYPE FROM INFORMATION_SCHEMA.ROUTINES
WHERE ROUTINE_SCHEMA = 'i_s_libraries_test' ORDER BY ROUTINE_TYPE, ROUTINE_NAME;
ROUTINE_NAME	ROUTINE_TYPE
DROP DATABASE i_s_libraries_test;
###############################################################################
# Testcase libraries.3:  Unsuccessful library CREATE will not populate
#                     I_S.LIBRARIES view
###############################################################################
# ========== libraries.3 ==========
CREATE DATABASE i_s_libraries_test;
USE i_s_libraries_test;
# Missing closing ')' character at the end of 's char(20) in func declaration
CREATE LIBRARY test_library_3 LANGUAGE JAVASCRIPT (AS $$
export function f(n) {
return n
}
$$;
ERROR 42000: You have an error in your SQL syntax; check the manual that corresponds to your MySQL server version for the right syntax to use near '(AS $$
export function f(n) {
return n
}
$$' at line 1
SELECT * FROM INFORMATION_SCHEMA.LIBRARIES
WHERE LIBRARY_SCHEMA = 'i_s_libraries_test';
LIBRARY_CATALOG	LIBRARY_SCHEMA	LIBRARY_NAME	LIBRARY_DEFINITION	LANGUAGE	CREATED	LAST_ALTERED	SQL_MODE	CREATOR
###############################################################################
# Testcase libraries.4:  DROP LIBRARY - Verify DROP of a library
#                                     removes I_S.LIBRARIES data for that
#                                     function / procedure
###############################################################################
# ========== libraries.4 ==========
DROP DATABASE IF EXISTS i_s_libraries_test;
CREATE DATABASE i_s_libraries_test;
USE i_s_libraries_test;
CREATE LIBRARY test_library_4 LANGUAGE JAVASCRIPT AS $$
export function f(n) {  return n } $$;
Warnings:
Warning	6001	Language component: Not available.
SELECT * FROM INFORMATION_SCHEMA.LIBRARIES
WHERE LIBRARY_SCHEMA = 'i_s_libraries_test';
LIBRARY_CATALOG	LIBRARY_SCHEMA	LIBRARY_NAME	LIBRARY_DEFINITION	LANGUAGE	CREATED	LAST_ALTERED	SQL_MODE	CREATOR
def	i_s_libraries_test	test_library_4	
export function f(n) {  return n } 	JAVASCRIPT	<created>	<modified>	ONLY_FULL_GROUP_BY,STRICT_TRANS_TABLES,NO_ZERO_IN_DATE,NO_ZERO_DATE,ERROR_FOR_DIVISION_BY_ZERO,NO_ENGINE_SUBSTITUTION	root@localhost
DROP LIBRARY test_library_4;
SELECT * FROM INFORMATION_SCHEMA.LIBRARIES
WHERE LIBRARY_SCHEMA = 'i_s_libraries_test';
LIBRARY_CATALOG	LIBRARY_SCHEMA	LIBRARY_NAME	LIBRARY_DEFINITION	LANGUAGE	CREATED	LAST_ALTERED	SQL_MODE	CREATOR
# final clean up
DROP DATABASE i_s_libraries_test;
USE test;
SELECT * FROM INFORMATION_SCHEMA.LIBRARIES;
LIBRARY_CATALOG	LIBRARY_SCHEMA	LIBRARY_NAME	LIBRARY_DEFINITION	LANGUAGE	CREATED	LAST_ALTERED	SQL_MODE	CREATOR
# End of INFORMATION_SCHEMA.LIBRARIES tests
