Check that ndb_join_pushdown variable exists and is enabled
#####
# Create test table and data
create table t1 (
a int not null,
b int not null,
c int not null,
d int not null,
primary key (`a`,`b`)
) engine=ndbcluster;
insert into t1 values
(1,1,1,1), (2,2,2,2), (3,3,3,3), (4,4,4,4),
(1,2,5,1), (1,3,1,2), (1,4,2,3),
(2,1,3,4), (2,3,4,5), (2,4,5,1),
(3,1,1,2), (3,2,2,3), (3,4,3,4),
(4,1,4,5), (4,2,5,1), (4,3,1,2);
####
# Check the basic pushed query
select * from t1
join t1 as t2 on t2.a = t1.b and t2.b = t1.c;

####
# Check that operation is not pushed as HASH_JOIN'ed tables are in
# different 'Query_scope' branches in the AccessPath
select straight_join count(*)
from t1 as x1
join t1 as x2 on x1.d > x2.a + 1000
join t1 as x3 on x1.c=x3.a and x1.d=x3.b;
Expected push message found in EXPLAIN;

####
# Check that operation is not pushed as HASH_JOIN'ed tables are in
# different 'Query_scope' branches in the AccessPath. The other table
# operations in the query are pushed though
select *
from t1 as x1
join t1 as x2 on x1.a=1 and x1.c=x2.a and x1.d=x2.b
join t1 as x3
join t1 as x4 where x4.a=x3.c and x4.b=x1.d;
Expected push message found in EXPLAIN;

drop table t1;
create table t1 (
a int primary key,
b int,
c int,
index(b,c)
) engine = ndb;
insert into t1 values (1,null, 2);
insert into t1 values (2,1, null);
insert into t1 values (3,2,2);
insert into t1 values (4,null, 2);
insert into t1 values (5,1, null);
insert into t1 values (6,2,2);
####
# The query contains a 'dynamic range'("Range checked for each
# record..") and access type can not be choosen at prepare time
# Make sure t2 is not pushed.
select *
from t1
join t1 as t2 on (t2.b = t1.b or t2.b = t1.a)
join t1 as t3 on t3.a = t2.a
join t1 as t4 on t4.a = t3.b /* index scan disguised as JT_ALL */;
Expected push message found in EXPLAIN;

drop table t1;
#
# Bug#37126176 Add lookup references to iterator-based EXPLAIN FORMAT=JSON for index lookups
#
SET @saved_json_format_version = @@explain_json_format_version;
SET @@explain_json_format_version = 2;
CREATE TABLE t1 (
a INT NOT NULL,
b INT NOT NULL,
c INT NOT NULL,
d INT NOT NULL,
PRIMARY KEY (`a`,`b`)
) ENGINE=ndbcluster;
INSERT INTO t1 VALUES
(1,1,1,1), (2,2,2,2), (3,3,3,3), (4,4,4,4),
(1,2,5,1), (1,3,1,2), (1,4,2,3),
(2,1,3,4), (2,3,4,5), (2,4,5,1),
(3,1,1,2), (3,2,2,3), (3,4,3,4),
(4,1,4,5), (4,2,5,1), (4,3,1,2);
ANALYZE TABLE t1;
Table	Op	Msg_type	Msg_text
test.t1	analyze	status	OK
EXPLAIN FORMAT=JSON INTO @v1 SELECT * FROM t1 JOIN t1 AS t2 ON t2.a = t1.b AND t2.b = t1.c;
SELECT JSON_CONTAINS(JSON_ARRAY("test.t1.b", "test.t1.c"),
JSON_EXTRACT(@v1,
CONCAT(
SUBSTRING_INDEX(index_access_type_path, '.',
CHAR_LENGTH(index_access_type_path)
-
CHAR_LENGTH(REPLACE(index_access_type_path, '.', ''))),
'.lookup_references')))
AS pushed_join_ref_refers_to_columns
FROM (SELECT JSON_UNQUOTE(JSON_SEARCH(@v1, 'one', 'pushed_join_ref')) AS index_access_type_path) AS t;
pushed_join_ref_refers_to_columns
1
DROP TABLE t1;
SET @v1 = NULL;
SET @@explain_json_format_version = @saved_json_format_version;
